{
	"general": {
		"disable_mod": false,
		"hide_bossbar": true,
		"shadow_text": true,
		"auto_start": false,
		"animationSpeed": 1.0,
		"hide_debug_crosshair": false,
		"background_color": 1867534416,
		"space_modules": false,
		"always_show_profiler": false,
		"animations": true,
		"fontScale": 0.6,
		"hide_sidebar": true,
		"always_show_tps": false
	},
	"modules_right": [],
	"modules_left": [
		{
			"name": "location",
			"name_color": 43520,
			"value_color": 5636095,
			"lines": {
				"light": true,
				"biome": true,
				"rotation": true,
				"facing": true,
				"slime_chunk": true,
				"local_difficulty": true,
				"day_ticks": true,
				"days_played": true,
				"dimension": true,
				"highest_block": true,
				"highest_block_server": true,
				"light_server": true
			},
			"enabled": true
		}
	]
}