{
  "splashes": true,
  "splashThreshold": 0.3,
  "flowingWaterSplashingDensity": 50,
  "cascades": true,
  "cascadeCloudDensity": 2.5,
  "cascadeMistDensity": 1.0,
  "shouldFlowingWaterSpawnParticlesOnFirstTick": true,
  "lapisBlockUpdateParticleChance": 1.0,
  "rainRippleDensity": 5,
  "glowingPlankton": true,
  "underwaterOpenChestBubbles": true,
  "underwaterChestsOpenRandomly": "ON_SOUL_SAND",
  "glowSquidHypnotize": "ATTRACT",
  "allayTrails": "BOTH",
  "goldenAllays": true,
  "screenShakeIntensity": 1.0,
  "wardenScreenShake": true,
  "sonicBoomScreenShake": true,
  "ravagerScreenShake": true,
  "dragonScreenShake": true,
  "fireflyDensity": 1.0,
  "chorusPetalDensity": 1.0,
  "willOWispDensity": 1.0,
  "eyesInTheDark": "HALLOWEEN",
  "improvedFireballs": true,
  "improvedDragonFireballsAndBreath": true,
  "improvedGlowSquidParticles": true,
  "spectralArrowTrails": "BOTH",
  "sculkDustDensity": 100.0,
  "cosmetics": "ENABLE",
  "ultrakill": false,
  "cascadeSoundsVolume": 66,
  "cascadeSoundDistanceBlocks": 100,
  "windAmbienceVolume": 100,
  "waterAmbienceVolume": 100,
  "foliageAmbienceVolume": 100,
  "animalAmbienceVolume": 100
}