{
  "#README": "This config file does not support comments. To see them configure it in-game using YACL or Cloth Config",
  "types": {
    "cake": {},
    "leaves_type": {
      "regions_unexplored.bamboo": true,
      "regions_unexplored.golden_larch": true,
      "regions_unexplored.alpha": true,
      "regions_unexplored.apple_oak": true,
      "regions_unexplored.baobab": true,
      "regions_unexplored.blackwood": true,
      "regions_unexplored.magnolia": true,
      "regions_unexplored.cypress": true,
      "regions_unexplored.dead": true,
      "regions_unexplored.dead_pine": true,
      "regions_unexplored.eucalyptus": true,
      "regions_unexplored.flowering": true,
      "regions_unexplored.kapok": true,
      "regions_unexplored.larch": true,
      "regions_unexplored.maple": true,
      "regions_unexplored.mauve": true,
      "regions_unexplored.orange_maple": true,
      "regions_unexplored.palm": true,
      "regions_unexplored.pine": true,
      "regions_unexplored.blue_magnolia": true,
      "regions_unexplored.pink_magnolia": true,
      "regions_unexplored.redwood": true,
      "regions_unexplored.red_maple": true,
      "regions_unexplored.brimwood": true,
      "regions_unexplored.enchanted_birch": true,
      "regions_unexplored.small_oak": true,
      "regions_unexplored.silver_birch": true,
      "regions_unexplored.socotra": true,
      "regions_unexplored.white_magnolia": true,
      "regions_unexplored.willow": true,
      "regions_unexplored.ashen": true,
      "chipped.apple_acacia": true,
      "chipped.cherry_acacia": true,
      "chipped.dead_acacia": true,
      "chipped.frosted_acacia": true,
      "chipped.golden_acacia": true,
      "chipped.golden_cherry_acacia": true,
      "chipped.magenta_flower_acacia": true,
      "chipped.orange_acacia": true,
      "chipped.red_acacia": true,
      "chipped.white_flower_acacia": true,
      "chipped.apple_birch": true,
      "chipped.cherry_birch": true,
      "chipped.dead_birch": true,
      "chipped.frosted_birch": true,
      "chipped.golden_birch": true,
      "chipped.golden_cherry_birch": true,
      "chipped.magenta_flower_birch": true,
      "chipped.orange_birch": true,
      "chipped.red_birch": true,
      "chipped.white_flower_birch": true,
      "chipped.apple_dark_oak": true,
      "chipped.cherry_dark_oak": true,
      "chipped.dead_dark_oak": true,
      "chipped.frosted_dark_oak": true,
      "chipped.golden_dark_oak": true,
      "chipped.golden_cherry_dark_oak": true,
      "chipped.magenta_flower_dark_oak": true,
      "chipped.orange_dark_oak": true,
      "chipped.red_dark_oak": true,
      "chipped.white_flower_dark_oak": true,
      "chipped.apple_jungle": true,
      "chipped.cherry_jungle": true,
      "chipped.dead_jungle": true,
      "chipped.frosted_jungle": true,
      "chipped.golden_jungle": true,
      "chipped.golden_cherry_jungle": true,
      "chipped.magenta_flower_jungle": true,
      "chipped.orange_jungle": true,
      "chipped.red_jungle": true,
      "chipped.white_flower_jungle": true,
      "chipped.apple_oak": true,
      "chipped.cherry_oak": true,
      "chipped.dead_oak": true,
      "chipped.frosted_oak": true,
      "chipped.golden_oak": true,
      "chipped.golden_cherry_oak": true,
      "chipped.magenta_flower_oak": true,
      "chipped.orange_oak": true,
      "chipped.red_oak": true,
      "chipped.white_flower_oak": true,
      "chipped.apple_spruce": true,
      "chipped.cherry_spruce": true,
      "chipped.dead_spruce": true,
      "chipped.frosted_spruce": true,
      "chipped.golden_spruce": true,
      "chipped.golden_cherry_spruce": true,
      "chipped.magenta_flower_spruce": true,
      "chipped.orange_spruce": true,
      "chipped.red_spruce": true,
      "chipped.white_flower_spruce": true,
      "chipped.golden_apple_acacia": true,
      "chipped.golden_apple_birch": true,
      "chipped.golden_apple_dark_oak": true,
      "chipped.golden_apple_jungle": true,
      "chipped.golden_apple_oak": true,
      "chipped.golden_apple_spruce": true,
      "betternether.willow": true,
      "betternether.rubeus": true,
      "betternether.anchor_tree": true,
      "betternether.nether_sakura": true,
      "betterend.pythadendron": true,
      "betterend.lacugrove": true,
      "betterend.dragon_tree": true,
      "betterend.tenanea": true,
      "betterend.lucernia": true
    },
    "stone_type": {
      "betternether.blue_obsidian": true,
      "betterend.flavolite": true,
      "betterend.violecite": true,
      "betterend.sulphuric_rock": true,
      "betterend.virid_jadestone": true,
      "betterend.azure_jadestone": true,
      "betterend.sandy_jadestone": true,
      "betterend.umbralith": true,
      "betterend.smaragdant_crystal": true,
      "chipped.crying_obsidian": true,
      "chipped.mud_bricks": true,
      "chipped.angled_mud_bricks": true,
      "chipped.angry_mud": true,
      "chipped.arrow_mud": true,
      "chipped.button_mud": true,
      "chipped.carved_mud": true,
      "chipped.centered_mud": true,
      "chipped.chiseled_mud": true,
      "chipped.cracked_mud_bricks": true,
      "chipped.crunched_mud_bricks": true,
      "chipped.crying_mud": true,
      "chipped.cut_blank_mud": true,
      "chipped.double_mud_bricks": true,
      "chipped.duh_mud": true,
      "chipped.engraved_mud": true,
      "chipped.etched_mud_bricks": true,
      "chipped.eye_mud": true,
      "chipped.fancy_mud": true,
      "chipped.fancy_chiseled_mud": true,
      "chipped.glad_mud": true,
      "chipped.heart_mud": true,
      "chipped.horned_mud": true,
      "chipped.inlayed_mud": true,
      "chipped.keyhole_mud": true,
      "chipped.large_tiled_mud": true,
      "chipped.leaning_mud": true,
      "chipped.mini_tiled_mud": true,
      "chipped.offset_mud_bricks": true,
      "chipped.pancake_mud": true,
      "chipped.panelled_mud": true,
      "chipped.placed_mud": true,
      "chipped.polished_mud": true,
      "chipped.quad_mud": true,
      "chipped.rough_mud": true,
      "chipped.rough_panelled_mud": true,
      "chipped.rune_mud": true,
      "chipped.sad_mud": true,
      "chipped.sigil_mud": true,
      "chipped.small_mud_bricks": true,
      "chipped.smooth_mud": true,
      "chipped.smooth_ringed_mud": true,
      "chipped.smoothed_double_inlayed_mud": true,
      "chipped.spiral_mud": true,
      "chipped.stacked_mud_bricks": true,
      "chipped.star_mud": true,
      "chipped.symbol_mud": true,
      "chipped.thick_inlayed_mud": true,
      "chipped.tiled_mud_bricks": true,
      "chipped.tiny_mud_bricks": true,
      "chipped.tiny_layered_mud_bricks": true,
      "chipped.unamused_mud": true,
      "chipped.vertical_cut_mud": true,
      "chipped.vertical_disordered_mud_bricks": true,
      "chipped.bordered_mud": true,
      "chipped.brick_bordered_mud": true,
      "chipped.edged_mud_bricks": true,
      "chipped.hard_mud": true,
      "chipped.scaly_mud": true,
      "chipped.tiled_bordered_mud": true,
      "chipped.massive_mud_bricks": true,
      "chipped.diamond_mud_bricks": true,
      "chipped.loreful_mud": true,
      "iceandfire.dread_stone": true,
      "naturalist.shellstone": true,
      "philipsruins.frozen_prismarine": true,
      "regions_unexplored.chalk": true,
      "twigs.polished_tuff": true,
      "twigs.polished_calcite": true,
      "twigs.polished_schist": true,
      "twigs.polished_rhyolite": true,
      "twigs.polished_bloodstone": true,
      "twigs.silt": true,
      "immersive_weathering.snowy_stone": true,
      "immersive_weathering.sandy_stone": true,
      "spelunkery.rock_salt": true,
      "spelunkery.polished_nephrite": true,
      "supplementaries.ash": true
    },
    "wood_type": {
      "betternether.nether_reed": true,
      "betternether.stalagnate": true,
      "betternether.willow": true,
      "betternether.wart": true,
      "betternether.rubeus": true,
      "betternether.mushroom_fir": true,
      "betternether.nether_mushroom": true,
      "betternether.anchor_tree": true,
      "betternether.nether_sakura": true,
      "betterend.mossy_glowshroom": true,
      "betterend.pythadendron": true,
      "betterend.end_lotus": true,
      "betterend.lacugrove": true,
      "betterend.dragon_tree": true,
      "betterend.tenanea": true,
      "betterend.helix_tree": true,
      "betterend.umbrella_tree": true,
      "betterend.jellyshroom": true,
      "betterend.lucernia": true,
      "iceandfire.dreadwood": true,
      "regions_unexplored.alpha": true,
      "regions_unexplored.baobab": true,
      "regions_unexplored.blackwood": true,
      "regions_unexplored.blue_bioshroom": true,
      "regions_unexplored.brimwood": true,
      "regions_unexplored.cobalt": true,
      "regions_unexplored.cypress": true,
      "regions_unexplored.dead": true,
      "regions_unexplored.eucalyptus": true,
      "regions_unexplored.green_bioshroom": true,
      "regions_unexplored.joshua": true,
      "regions_unexplored.kapok": true,
      "regions_unexplored.larch": true,
      "regions_unexplored.magnolia": true,
      "regions_unexplored.maple": true,
      "regions_unexplored.mauve": true,
      "regions_unexplored.palm": true,
      "regions_unexplored.pine": true,
      "regions_unexplored.pink_bioshroom": true,
      "regions_unexplored.redwood": true,
      "regions_unexplored.socotra": true,
      "regions_unexplored.willow": true,
      "regions_unexplored.yellow_bioshroom": true
    }
  },
  "entries": {
    "leaves_type": {
      "regions_unexplored.shrub": true
    },
    "wood_type": {
      "handcrafted.counter": true,
      "chipped.fine_planks": true,
      "chipped.checkered_trapdoor": true,
      "chipped.overgrown_trapdoor": true,
      "chipped.overgrown_door": true,
      "chipped.windowed_door": true,
      "handcrafted.corner_trim": true,
      "handcrafted.fancy_bed": true,
      "handcrafted.desk": true,
      "chipped.tiled_door": true,
      "chipped.classic_trapdoor": true,
      "chipped.circle_glass": true,
      "chipped.center_cut_log": true,
      "chipped.pegged_planks": true,
      "chipped.torch": true,
      "chipped.secret_door": true,
      "chipped.smooth_planks": true,
      "chipped.screen_door": true,
      "chipped.bared_glass": true,
      "chipped.ornate_bared_glass": true,
      "chipped.hewn_planks": true,
      "chipped.crossed_planks": true,
      "handcrafted.dining_bench": true,
      "chipped.beach_door": true,
      "chipped.fine_vertical_planks": true,
      "chipped.cross_laced_planks": true,
      "chipped.diamond_bordered_glass": true,
      "chipped.railed_planks": true,
      "regions_unexplored.branch": true,
      "chipped.planks_mosaic": true,
      "chipped.distorted_trapdoor": true,
      "chipped.iron_barred_trapdoor": true,
      "handcrafted.drawer": true,
      "chipped.firewood_log": true,
      "chipped.circle_glass_pane": true,
      "chipped.versailles_planks": true,
      "handcrafted.side_table": true,
      "chipped.whirlwind_planks": true,
      "chipped.large_diamond_glass_pane": true,
      "chipped.planked_log": true,
      "chipped.mixed_log": true,
      "chipped.framed_planks": true,
      "chipped.square_glass": true,
      "chipped.vined_trapdoor": true,
      "chipped.barrel": true,
      "chipped.woven_glass": true,
      "farmersdelight.cabinet": true,
      "chipped.detailed_planks": true,
      "chipped.woven_trapdoor": true,
      "chipped.cobweb_trapdoor": true,
      "chipped.gated_door": true,
      "chipped.supported_door": true,
      "chipped.barred_trapdoor": true,
      "chipped.line_bared_glass_pane": true,
      "twigs.table": true,
      "chipped.horizontal_lined_glass_pane": true,
      "chipped.airy_trapdoor": true,
      "handcrafted.couch": true,
      "chipped.line_bared_glass": true,
      "chipped.slanted_planks": true,
      "chipped.edge_cut_log": true,
      "chipped.barred_door": true,
      "chipped.suspicious_trapdoor": true,
      "chipped.herringbone_planks": true,
      "handcrafted.table": true,
      "handcrafted.chair": true,
      "chipped.pressed_door": true,
      "chipped.planks_panel": true,
      "chipped.vertically_railed_planks": true,
      "chipped.bared_glass_pane": true,
      "chipped.diamond_bordered_glass_pane": true,
      "chipped.solid_trapdoor": true,
      "chipped.tiled_planks": true,
      "chipped.boarded_door": true,
      "chipped.dual_paneled_door": true,
      "chipped.square_glass_pane": true,
      "chipped.meshed_trapdoor": true,
      "chipped.overgrown_log": true,
      "chipped.thin_planks": true,
      "chipped.fancy_trapdoor": true,
      "handcrafted.shelf": true,
      "chipped.paper_door": true,
      "chipped.warted_trapdoor": true,
      "chipped.basket_woven_planks": true,
      "chipped.enclosed_planks": true,
      "handcrafted.cupboard": true,
      "chipped.flowering_log": true,
      "chipped.double_herringbone_planks": true,
      "chipped.crated_planks": true,
      "handcrafted.bench": true,
      "chipped.horizontal_lined_glass": true,
      "chipped.reinforced_log": true,
      "chipped.natural_planks": true,
      "chipped.classic_windowed_trapdoor": true,
      "chipped.brick_bond_planks": true,
      "chipped.wickered_planks": true,
      "chipped.bordered_glass_pane": true,
      "chipped.sliding_door": true,
      "chipped.heavy_trapdoor": true,
      "chipped.bordered_glass": true,
      "chipped.laced_planks": true,
      "handcrafted.pillar_trim": true,
      "chipped.boxed_planks": true,
      "chipped.reinforced_crate": true,
      "chipped.large_diamond_glass": true,
      "chipped.snowflake_glass_pane": true,
      "chipped.bricky_planks": true,
      "chipped.slotted_trapdoor": true,
      "chipped.shack_door": true,
      "chipped.bundled_log": true,
      "chipped.polished_planks": true,
      "chipped.ornate_bared_glass_pane": true,
      "chipped.diagonal_planks": true,
      "chipped.wall_torch": true,
      "handcrafted.nightstand": true,
      "chipped.crate": true,
      "chipped.nailed_planks": true,
      "chipped.cornered_planks": true,
      "chipped.shifted_planks": true,
      "chipped.vertical_planks": true,
      "chipped.glass_door": true,
      "chipped.fortified_door": true,
      "chipped.paneled_door": true,
      "chipped.leafy_trapdoor": true,
      "chipped.snowflake_glass": true,
      "chipped.heavy_door": true,
      "chipped.pointless_trapdoor": true,
      "chipped.stacked_planks": true,
      "chipped.planks_shavings": true,
      "chipped.twisted_trapdoor": true,
      "chipped.diamond_planks": true,
      "chipped.woven_glass_pane": true,
      "chipped.windowed_trapdoor": true,
      "chipped.tile_windowed_door": true,
      "chipped.damaged_log": true,
      "chipped.golden_barred_trapdoor": true,
      "chipped.nailed_log": true
    }
  }
}