{
  "levelMultiplier": 10,
  "nameColor": 553648127,
  "backgroundColor": -1,
  "backgroundOpacity": 0.4,
  "nameplateHeight": 1.0,
  "nameplateSize": 0.0,
  "showHealth": false,
  "showLevel": false,
  "showHostileOnly": true,
  "squaredDistance": 128.0,
  "showNameplateIfObstructed": false,
  "useRpgDifficultyLvl": false,
  "levelTitle": true,
  "healthBar": false,
  "excludedEntities": [
    "minecraft:ender_dragon",
    "minecraft:wither",
    "adventurez:stone_golem",
    "adventurez:void_shadow",
    "adventurez:the_eye"
  ]
}