{
  "armouryItems": {
    "entries": {
      "iron_axe": 0.1,
      "stone_axe": 0.05,
      "stone_sword": 0.05,
      "name_tag": 0.05,
      "iron_sword": 0.1,
      "golden_sword": 0.05,
      "arrow": 0.05,
      "golden_axe": 0.05,
      "bow": 0.1,
      "shield": 0.1
    },
    "defaultItem": "air"
  },
  "storageItems": {
    "entries": {
      "paper": 0.25,
      "map": 0.25,
      "rabbit_foot": 0.01,
      "pumpkin_seeds": 0.025,
      "melon_seeds": 0.025,
      "beetroot_seeds": 0.025,
      "lead": 0.05,
      "cake": 0.05,
      "slime_ball": 0.05,
      "compass": 0.05,
      "wheat_seeds": 0.025,
      "flint": 0.05
    },
    "defaultItem": "air"
  }
}