{
  "enabled": true,
  "group": {
    "break": {
      "sound_id": "sounds:block.birch_log.break"
    },
    "fall": {
      "sound_id": "sounds:block.birch_log.fall"
    },
    "hit": {
      "sound_id": "sounds:block.birch_log.hit"
    },
    "pitch": 1.0,
    "place": {
      "sound_id": "sounds:block.birch_log.place"
    },
    "step": {
      "sound_id": "sounds:block.birch_log.step"
    },
    "volume": 1.0
  },
  "keys": [
    "minecraft:birch_log",
    "minecraft:birch_wood",
    "minecraft:birch_door",
    "minecraft:birch_trapdoor"
  ]
}