{
  "enabled": true,
  "group": {
    "break": {
      "sound_id": "sounds:block.cobblestone.break"
    },
    "fall": {
      "sound_id": "sounds:block.cobblestone.fall"
    },
    "hit": {
      "sound_id": "sounds:block.cobblestone.hit"
    },
    "pitch": 1.0,
    "place": {
      "sound_id": "sounds:block.cobblestone.place"
    },
    "step": {
      "sound_id": "sounds:block.cobblestone.step"
    },
    "volume": 1.0
  },
  "keys": [
    "minecraft:cobblestone",
    "minecraft:cobblestone_slab",
    "minecraft:cobblestone_stairs",
    "minecraft:cobblestone_wall",
    "minecraft:infested_cobblestone",
    "minecraft:mossy_cobblestone",
    "minecraft:mossy_cobblestone_slab",
    "minecraft:mossy_cobblestone_stairs",
    "minecraft:mossy_cobblestone_wall"
  ]
}