{
  "enabled": true,
  "group": {
    "break": {
      "sound_id": "minecraft:block.deepslate_tiles.break"
    },
    "fall": {
      "sound_id": "minecraft:block.deepslate_tiles.fall"
    },
    "hit": {
      "sound_id": "minecraft:block.deepslate_tiles.hit"
    },
    "pitch": 1.0,
    "place": {
      "sound_id": "minecraft:block.deepslate_tiles.place"
    },
    "step": {
      "sound_id": "minecraft:block.deepslate_tiles.step"
    },
    "volume": 1.0
  },
  "keys": [
    "minecraft:dark_prismarine",
    "minecraft:dark_prismarine_stairs",
    "minecraft:dark_prismarine_slab"
  ]
}