{
  "enabled": true,
  "group": {
    "break": {
      "sound_id": "minecraft:block.deepslate_bricks.break"
    },
    "fall": {
      "sound_id": "minecraft:block.deepslate_bricks.fall"
    },
    "hit": {
      "sound_id": "minecraft:block.deepslate_bricks.hit"
    },
    "pitch": 1.0,
    "place": {
      "sound_id": "minecraft:block.deepslate_bricks.place"
    },
    "step": {
      "sound_id": "sounds:block.quartz.step"
    },
    "volume": 1.0
  },
  "keys": [
    "minecraft:end_stone_bricks",
    "minecraft:end_stone_brick_stairs",
    "minecraft:end_stone_brick_slab",
    "minecraft:end_stone_brick_wall"
  ]
}