{
  "enabled": true,
  "group": {
    "break": {
      "sound_id": "sounds:block.jungle_planks.break"
    },
    "fall": {
      "sound_id": "sounds:block.jungle_planks.fall"
    },
    "hit": {
      "sound_id": "sounds:block.spruce_planks.hit"
    },
    "pitch": 1.0,
    "place": {
      "sound_id": "sounds:block.jungle_planks.place"
    },
    "step": {
      "sound_id": "sounds:block.jungle_planks.step"
    },
    "volume": 1.0
  },
  "keys": [
    "minecraft:jungle_pressure_plate",
    "minecraft:jungle_fence_gate",
    "minecraft:jungle_fence",
    "minecraft:jungle_sign",
    "minecraft:jungle_button",
    "minecraft:jungle_door",
    "minecraft:jungle_trapdoor"
  ]
}